{
  "model_name": "original",
  "loss": 1.9001283645629883,
  "accuracy": 0.5615615844726562,
  "precision": 1.0,
  "recall": 0.24352331606217617,
  "f1_score": 0.39166666666666666,
  "roc_auc": 0.6817542561065877,
  "total_params": 263569,
  "inference_time_per_image": 0.0024319146130536056,
  "total_inference_time": 0.8098275661468506,
  "classification_report": {
    "class_0": {
      "precision": 0.48951048951048953,
      "recall": 1.0,
      "f1-score": 0.6572769953051644,
      "support": 140.0
    },
    "class_1": {
      "precision": 1.0,
      "recall": 0.24352331606217617,
      "f1-score": 0.39166666666666666,
      "support": 193.0
    },
    "accuracy": 0.5615615615615616,
    "macro avg": {
      "precision": 0.7447552447552448,
      "recall": 0.6217616580310881,
      "f1-score": 0.5244718309859155,
      "support": 333.0
    },
    "weighted avg": {
      "precision": 0.7853797853797854,
      "recall": 0.5615615615615616,
      "f1-score": 0.5033346727008698,
      "support": 333.0
    }
  },
  "confusion_matrix": [
    [
      140,
      0
    ],
    [
      146,
      47
    ]
  ],
  "class_labels": [
    "class_0",
    "class_1"
  ]
}