{
  "model_name": "efficientnet",
  "loss": 0.6596922278404236,
  "accuracy": 0.6310502290725708,
  "classification_report": {
    "no_signal": {
      "precision": 0.0,
      "recall": 0.0,
      "f1-score": 0.0,
      "support": 404.0
    },
    "signal": {
      "precision": 0.6310502283105023,
      "recall": 1.0,
      "f1-score": 0.7737961926091825,
      "support": 691.0
    },
    "accuracy": 0.6310502283105023,
    "macro avg": {
      "precision": 0.31552511415525114,
      "recall": 0.5,
      "f1-score": 0.38689809630459127,
      "support": 1095.0
    },
    "weighted avg": {
      "precision": 0.39822439065073706,
      "recall": 0.6310502283105023,
      "f1-score": 0.48830426401182203,
      "support": 1095.0
    }
  },
  "confusion_matrix": [
    [
      0,
      404
    ],
    [
      0,
      691
    ]
  ],
  "class_labels": [
    "no_signal",
    "signal"
  ]
}