{
  "model_name": "resnet",
  "loss": 0.0015670753782615066,
  "accuracy": 1.0,
  "classification_report": {
    "no_signal": {
      "precision": 0.3613861386138614,
      "recall": 0.3613861386138614,
      "f1-score": 0.3613861386138614,
      "support": 404.0
    },
    "signal": {
      "precision": 0.6266280752532561,
      "recall": 0.6266280752532561,
      "f1-score": 0.6266280752532561,
      "support": 691.0
    },
    "accuracy": 0.5287671232876713,
    "macro avg": {
      "precision": 0.49400710693355876,
      "recall": 0.49400710693355876,
      "f1-score": 0.49400710693355876,
      "support": 1095.0
    },
    "weighted avg": {
      "precision": 0.5287671232876713,
      "recall": 0.5287671232876713,
      "f1-score": 0.5287671232876713,
      "support": 1095.0
    }
  },
  "confusion_matrix": [
    [
      146,
      258
    ],
    [
      258,
      433
    ]
  ],
  "class_labels": [
    "no_signal",
    "signal"
  ]
}