{
  "model_name": "original",
  "loss": 0.0039324588142335415,
  "accuracy": 0.9990958571434021,
  "precision": 0.9985935302390999,
  "recall": 1.0,
  "f1_score": 0.9992962702322308,
  "roc_auc": 1.0,
  "total_params": 1346001,
  "inference_time_per_image": 0.010299071912092929,
  "total_inference_time": 11.39077353477478,
  "classification_report": {
    "class_0": {
      "precision": 1.0,
      "recall": 0.9974747474747475,
      "f1-score": 0.9987357774968394,
      "support": 396.0
    },
    "class_1": {
      "precision": 0.9985935302390999,
      "recall": 1.0,
      "f1-score": 0.9992962702322308,
      "support": 710.0
    },
    "accuracy": 0.9990958408679927,
    "macro avg": {
      "precision": 0.9992967651195499,
      "recall": 0.9987373737373737,
      "f1-score": 0.9990160238645351,
      "support": 1106.0
    },
    "weighted avg": {
      "precision": 0.999097112540471,
      "recall": 0.9990958408679927,
      "f1-score": 0.9990955874806802,
      "support": 1106.0
    }
  },
  "confusion_matrix": [
    [
      395,
      1
    ],
    [
      0,
      710
    ]
  ],
  "class_labels": [
    "class_0",
    "class_1"
  ]
}